label,text1,text2,why
BACKWARD_ENTAILMENT,Two birds,Two small birds,Two small birds implies two birds but two birds does not imply that they are small specifically
BACKWARD_ENTAILMENT,Israel planes,Israel airstrikes,Israel planes does not imply that there are israel airstrikes but israel airstrikes does mean that there were israel planes involved
BACKWARD_ENTAILMENT,A double decker bus,A red double decker bus,A red double decker bus is a double decker bus so it's true in the backward direction but a double decker bus is not necessarily red thus false in forward direction
EQUIVALENCE,Suspected U.S. drone strike,US drone strike,"A suspected US drone strike and a US drone strike describe the same event, and 'suspected' only says how sure we are about it, so they are labeled equivalent, though strictly a suspected strike might not have actually happened"
EQUIVALENCE,the Philippine nation,Philippines,"The Philippine nation implies the Philippines as a country and if we say the Philippines, it can also be called the Philippine nation"
EQUIVALENCE,A Philips flat-screen TV,A Phillips flat screen TV,"Both texts mean the same thing, they only differ in the hyphen and the spelling (Philips vs Phillips), thus equivalent"
FORWARD_ENTAILMENT,on a city street,in a city,Being on a city street means in a city but in a city does not always mean on a city street so its only true in the forward direction
FORWARD_ENTAILMENT,at pro-Morsy protesters,at protesters,"text1 specifies which protesters and text2 is general protesters so the specific kind of protesters are a subgroup of general protesters but general protesters are not contained within a specific kind, so only true in the forward direction"
FORWARD_ENTAILMENT,The black and white cows,A black cow and a brown cow,"I can't justify this label because text1 only mentions black and white cows and text2 brings in a brown cow that text1 never mentions, so text1 does not entail text2 and the label looks questionable"
NEGATIVE_OTHER,into the water,underwater,"Going into the water does not mean you're under water, you could be at the surface, and being underwater does not mean you went into the water, you could have been there all along, they are both related but one is a motion and the other is a state so neither entails the other"
NEGATIVE_OTHER,Record-setting Southwest heat wave,in Southwest heat wave,"I believe this one should be forward entailment because all text1 is adding is the detail of 'record setting' so text1 does imply text2 however it has been labelled NEGATIVE_OTHER, this could be due to the grammar detail of 'in' in text2"
NEGATIVE_OTHER,loses contact,vanishes,"losing contact does not imply that something vanished, vanishing could possibly imply contact is lost but not necessarily, they're similar and could be appearing in the same news but they are not the same event"
